Competency Code,Competency Description,Worker Competency,Supervisor Competency,Competencies,Knowledge / Skill Statement
1a,"Demonstrates understanding of how culture characterizes and shapes all children’s and families’ experiences in receiving child welfare services, further understanding that dimensions of culture include age, class, color, disability, ethnicity, gender, gender identity and expression, tribal political status, immigration status, political ideology, race, religion, sex and sexual orientation. (S)",Cultural Responsiveness,NA,Cultural Responsiveness,Skill
1b,"Become familiar with the children’s families’ beliefs, values, race, ethnicity, history, from the unique tribe, culture, religion, world view and language. (S)",Cultural Responsiveness,NA,Cultural Responsiveness,Skill
1c,Demonstrates understanding of the influence of culture on human behavior and family dynamics. (S),Cultural Responsiveness,NA,Cultural Responsiveness,Skill
1d,"Examines own beliefs, values, race, ethnicity, ability, history, tribe, culture, religion concepts and and language and demonstrates awareness of own implicit biases, aversive racism, and microaggressions and how these impact their assessments and interventions with families. (K & S)",Cultural Responsiveness,NA,Cultural Responsiveness,Knowledge
1e,"Demonstrates the capacity for reflection and self-awareness and the ability to take the multiple perspectives of the children, families and other partners involved in cases. (S)",Cultural Responsiveness,NA,Cultural Responsiveness,Skill
1f,Understands that different cultural communities seek alternatives to termination of parental rights as permanency solutions such as customary adoption and transfer of legal guardianship. (K),Cultural Responsiveness,NA,Cultural Responsiveness,Knowledge
1g,Demonstrates an attitude of respecting and learning from the unique characteristics and strengths of families and tribes while honoring diversity within and across cultures. (S),Cultural Responsiveness,NA,Cultural Responsiveness,Skill
1h,"Demonstrates basic knowledge of legal, socioeconomic and psychosocial issues facing tribes, immigrants, refugees and/or minority groups and can apply that knowledge in devising culturally competent and effective intervention. (K&S)",Cultural Responsiveness,NA,Cultural Responsiveness,Knowledge & Skills
1i,"Understands the influence and value of the families’ traditional/culturally based child rearing practices, especially when considering termination of parental rights and placement preferences for ICWA cases, and uses this knowledge in working with families. (K&S)",Cultural Responsiveness,NA,Cultural Responsiveness,Knowledge & Skills
1j,Demonstrates understanding of the importance of children and families’ primary language and supports its use in providing child welfare assessment and intervention services. (K),Cultural Responsiveness,NA,Cultural Responsiveness,Knowledge
1k,"Conducts individualized, developmentally and culturally responsive assessment of all children and families, using appreciative inquiry to elicit story/culture, and to develop an effective intervention plan that is tailored to their needs. (S)",Cultural Responsiveness,NA,Cultural Responsiveness,Skill
1l,Assesses his/her own knowledge and humility about individuals from specific groups they work with and seeks consultation and expertise to fill gaps. (S),Cultural Responsiveness,NA,Cultural Responsiveness,Skill
1m,"Demonstrates knowledge of the rationale for and requirements of the Multi-Ethnic Placement Act, the Minnesota Indian Family Preservation Act and the Indian Child Welfare Act and applies those provisions in working with families and Tribal representatives. (K&S)",Cultural Responsiveness,NA,Cultural Responsiveness,Knowledge & Skills
1n,"Demonstrates knowledge about historical trauma, racism and other forms and mechanisms of oppression and discrimination pertaining to low-income, non- traditional, and culturally diverse families and uses this knowledge to provide equitable and effective child welfare services. (K&S)",Cultural Responsiveness,NA,Cultural Responsiveness,Knowledge & Skills
1o,Inquires openly about families’ behaviors and attitudes related to child safety and avoids making untested assumptions about such behaviors and attitudes. (S),Cultural Responsiveness,NA,Cultural Responsiveness,Skill
1p,Evaluates critically the relevance of commonly used assessment criteria and intervention models in terms of their utility with diverse ethnic and cultural populations. (S),Cultural Responsiveness,NA,Cultural Responsiveness,Skill
1q,"Demonstrates awareness of systemic biases such as racial disproportionality in the child welfare service population, and is familiar with services and programs designed to mitigate those biases. (K)",Cultural Responsiveness,NA,Cultural Responsiveness,Knowledge
2a,"Creates a relationship with children, youth and families by listening and appreciating the families’ stories and recognizing and acknowledging their (children/family) expertise about their own family system. (K&S)",Engagement,NA,Engagement,Knowledge & Skills
2b,Understands the critical role of developing trust with children and families engaged in child welfare services. (K),Engagement,NA,Engagement,Knowledge
2c,"Understands the importance of identifying American Indian children for the purposes of ICWA implementation, proper notification and engagement with tribal networks. (K)",Engagement,NA,Engagement,Knowledge
2d,"Understands the importance of engaging and building relationships with all parental figures, including non-custodial parents and foster parents. (K)",Engagement,NA,Engagement,Knowledge
2e,Understands the community context of children and family and its importance to the engagement process (e.g. tribes). (K),Engagement,NA,Engagement,Knowledge
2f,Demonstrates understanding of reasonable and active efforts policies and their role in how county child welfare workers engage and work with families involved in the court system. (K),Engagement,NA,Engagement,Knowledge
2g,"Demonstrates transparency, develops trust, identifies areas of common ground and shares feasible power in engaging individuals and families around concerns such as safety. (S)",Engagement,NA,Engagement,Skill
2h,"Understands how child welfare involvement, including but not limited to attachment, separation and placement, affects a child and family and how these experiences may influence a child’s physical, cognitive, social and emotional development. (K)",Engagement,NA,Engagement,Knowledge
2i,"Demonstrates understanding of the underlying processes, ages and stages of infant, child and youth development, including physical, cognitive, social and emotional development. (K)",Engagement,NA,Engagement,Knowledge
2j,Demonstrates understanding of the primary stages and processes of adult development and family life. (K),Engagement,NA,Engagement,Knowledge
2k,"Recognizes developmental indicators of abuse and neglect, as well as resulting trauma. (K&S)",Engagement,NA,Engagement,Knowledge & Skills
2l,"Works collaboratively with biological, kinship, foster and adoptive families, and tribal networks involving them in assessment and planning, helping them access services and develop coping strategies. (S)",Engagement,NA,Engagement,Skill
2m,"Can explore and partner with potential resources and natural networks (extended family, friends, religious communities, etc.) to utilize strengths and enhance safety. (S)",Engagement,NA,Engagement,Skill
2n,Understands normal responses to involuntary contact and is able to respond in ways that reduce mistrust and strengthen relationships. (K),Engagement,NA,Engagement,Knowledge
2o,"Can clarify and express legal parameters, as defined in federal law and/or state statute/rule, for risk and danger. (S)",Engagement,NA,Engagement,Skill
3a,"Engages the family to identify current and potential resources in the neighborhood, community, and/or tribe, both formal and informal, to assist the family in safety and coping. (S)",Partnering,NA,Partnering,Skill
3b,"Strives to maintain and enhance community and cultural connections with children, youth, families, and tribes. (S)",Partnering,NA,Partnering,Skill
3c,"Demonstrates an ability to partner with tribes for the purpose of ICWA implementation (specifically active efforts), placement according to the MIFPA placement preferences, and use of Qualified Expert Witness testimony. (S)",Partnering,NA,Partnering,Skill
3d,"Demonstrates familiarity with community collaborations such as family group decision making, family safety planning meetings, citizen review panels, DHS ICWA Advisory Council, Children’s Justice Initiative, child protection teams, child mortality reviews and parent leadership teams. (K)",Partnering,NA,Partnering,Knowledge
3e,Understands and respects tribal sovereignty when partnering on cases involving American Indian/Alaska Native children. (K & S),Partnering,NA,Partnering,Knowledge
3f,"Demonstrates an ability to work in multidisciplinary teams, including tribal social workers, and willingness to incorporate different professional and/or cultural perspectives into case plans/practice strategies when appropriate. (S)",Partnering,NA,Partnering,Skill
3g,"Understands the various roles involved in the legal and court process (including tribes) related to child welfare (protection, custody, adoptions), as well as how to effectively interact with people in those roles. (K&S)",Partnering,NA,Partnering,Knowledge & Skills
3h,"Partners with foster parents to support continuity of placements and optimal outcomes for children and families, including partnering with biological parents as appropriate. (S)",Partnering,NA,Partnering,Skill
4a,"Identifies major family, health and social risk factors contributing to child abuse and information about neglect. (K)",Assessment,NA,Assessment,Knowledge
4b,Identifies resilience and other protective factors that act to preserve the family and protect the child. (K),Assessment,NA,Assessment,Knowledge
4c,"Recognizes awnd accurately identifies the physical and behavioral indicators of abuse, family violence and neglect, and can assess the dynamics underlying these behaviors. (K)",Assessment,NA,Assessment,Knowledge
4d,"Integrates knowledge of individual, family and cultural dynamics, and recognizes signs and symptoms of at-risk behaviors including chemical health and domestic violence in children/youth and adults, and assess their impact. (K&S)",Assessment,NA,Assessment,Knowledge & Skills
4e,"Demonstrates understanding and an ability to integrate into an assessment the strengths perspective, protective factors, and empowerment approaches and understands how they can positively influence growth, development and behavior change. (K&S)",Assessment,NA,Assessment,Knowledge & Skills
4f,"Gathers, assesses, analyzes and presents pertinent information from interviews, case records, and collateral sources when evaluating an abuse or neglect allegation, making assessments, effective referrals for services or further evaluation. (S)",Assessment,NA,Assessment,Skill
4g,"Summarizes the features of mandated mental health screenings and other standardized children’s mental health assessments, including developmental assessments for children birth to 3; trauma-informed screening and effective evidence-based assessment instruments. (K)",Partnering,NA,Partnering,Knowledge
4h,Demonstrates the ability to perform a preliminary safety assessment and to monitor the safety of the child through ongoing assessment of risk. (S),Assessment,NA,Assessment,Skill
4i,"Demonstrates an understanding of basic child development and how developmental level affects a child’s perception of events, coping strategies, and physical and psychological responses to stress and trauma. (K)",Assessment,NA,Assessment,Knowledge
4j,Understands the importance of collaboration with tribal social workers to ensure the assessment integrates the prevailing cultural standards of the tribes. (K),Assessment,NA,Assessment,Knowledge
4k,Identifies a variety of informant sources to be engaged during the assessment process. (S),Assessment,NA,Assessment,Skill
4l,Demonstrates the ability to assess the effects of family transitions and the potential impact of becoming a “client” of the child welfare system. (S),Assessment,NA,Assessment,Skill
4m,Demonstrates understanding and ability to integrate the dynamics and effects of trauma into an assessment. (K&S),Assessment,NA,Assessment,Knowledge & Skills
4n,References the Diagnostic and Statistical Manual of Mental Disorders (DSM) as a tool in the assessment process where appropriate. (K&S),Assessment,NA,Assessment,Knowledge & Skills
4o,"Reads, critically considers, and applies results from an adult or child mental health assessment. (S)",Assessment,NA,Assessment,Skill
4p,"Demonstrates the ability to recognize and assess potential for violence, suicide, and complex psychological difficulties. (S)",Assessment,NA,Assessment,Skill
4q,"Identifies and demonstrates a variety of interviewing techniques used with children, youth and families for assessment, service planning, intervention and forensic purposes. (S)",Assessment,NA,Assessment,Skill
4r,"Demonstrates the ability to conduct various types of assessments using standardized instruments including: risk, safety, psychosocial, strengths and needs assessment. (S)",Assessment,NA,Assessment,Skill
4s,Considers the trauma of removal and its historical context for American Indian families and uses active efforts to prevent out of home placement. (K&S),Assessment,NA,Assessment,Knowledge & Skills
5a,Understands and demonstrates the ability to develop a safety plan with the family based upon information gathered during assessment. (K & S),Case Planning in Child Welfare,NA,Case Planning in Child Welfare,Knowledge
5b,"Understands and demonstrates the ability to develop a case plan with the family (and tribe), in the family’s language, using strengths-based, family-centered, person-in-environment perspectives, and seeks opportunities to include family choices as a means of promoting empowerment while focusing on child safety. (K & S)",Case Planning in Child Welfare,NA,Case Planning in Child Welfare,Knowledge
5c,"Articulates with the family the effects of maltreatment and historical trauma, and the behaviors or conditions contributing to its risk. (S)",Case Planning in Child Welfare,NA,Case Planning in Child Welfare,Skill
5d,"Develops a case plan (taking into account legal requirements, tribal recommendations and related policies) for effectively serving and making decisions regarding children and parents with special needs and disabilities. (S)",Case Planning in Child Welfare,NA,Case Planning in Child Welfare,Skill
5e,"Understands the requirements of the Indian Child Welfare Act, Minnesota Indian Family Protection Act, and the Multiethnic Placement Act and applies those provisions in working with tribal representatives, agencies, legal entities and families to create appropriate case plans. (K&S)",Case Planning in Child Welfare,NA,Case Planning in Child Welfare,Knowledge & Skills
5f,"Demonstrates the ability to identify service/treatment plan requirements and to construct behaviorally-based, measureable objectives for successful outcomes with the family so the family knows when the goals are achieved. (K&S)",Case Planning in Child Welfare,NA,Case Planning in Child Welfare,Knowledge & Skills
5g,"Understands the principles of concurrent and permanency planning, as well as placement procedures under the Indian Child Welfare Act, and is able to integrate those principles into a case plan, taking into account the developmental, educational, health, placement preferences under ICWA and MIFPA, and emotional needs of children. (K&S)",Case Planning in Child Welfare,NA,Case Planning in Child Welfare,Knowledge & Skills
5h,"Understands the difference between reasonable versus active efforts, and when to apply each, recognizing that active efforts must be used in cases involving American Indian children (K&S)",Case Planning in Child Welfare,NA,Case Planning in Child Welfare,Knowledge & Skills
5i,"Applies theories of human development and attachment with the understanding of how trauma interrupts those processes, as well as cultural differences about the meaning of attachment, workers create and manage effective case plans with children and families. (K&S)",Case Planning in Child Welfare,NA,Case Planning in Child Welfare,Knowledge & Skills
5j,Demonstrates an understanding of pre-placement preventive services and constructs supportive systems for children and families that may include referral to and collaboration with multiple agencies and disciplines. (K),Case Planning in Child Welfare,NA,Case Planning in Child Welfare,Knowledge
5k,"Demonstrates knowledge of after-care services and skill in developing a transition and independent living plan with a foster youth that addresses educational, housing, health care, transportation, money management, social and recreational issues, and establishing connections with the child’s family, tribe and community. (K&S)",Case Planning in Child Welfare,NA,Case Planning in Child Welfare,Knowledge & Skills
6a,"Utilizes engagement and assessment skills to maintain and develop an ongoing, productive and respectful relationship with children, youth, families, tribes, and the effective, ethical and identified safety network. (S)",Implementing Child Welfare Services,NA,Implementing Child Welfare Services,Skill
6b,"Demonstrates understanding of processes for identifying resources, making appropriate service referrals, and constructing measurable recommendations for behavioral change in order to implement a case plan. (K)",Implementing Child Welfare Services,NA,Implementing Child Welfare Services,Knowledge
6c,"Demonstrates an ability to understand and present permanency preferences for children and youth, including, when appropriate, kinship care and adoption services with careful transition planning. (S)",Implementing Child Welfare Services,NA,Implementing Child Welfare Services,Skill
6d,Demonstrates the ability to monitor implemented strategies and to follow legal standards for case reviews appropriate to the practice setting in order to achieve case plan goals and make adjustments as necessary. (S),Implementing Child Welfare Services,NA,Implementing Child Welfare Services,Skill
6e,"Demonstrates the ability to develop and/or maintain informal and formal community and social supports, including tribal networks. (K&S)",Implementing Child Welfare Services,NA,Implementing Child Welfare Services,Knowledge & Skills
6f,"Understands the importance of maintaining connections with biological and extended family and supporting the foster, kinship and/or adoptive family to facilitate this as deemed in the child’s best interest. (K)",Implementing Child Welfare Services,NA,Implementing Child Welfare Services,Knowledge
6g,"Demonstrates an understanding of the complexity of a child’s ties with foster, adoptive, biological and extended families as well as tribal community, and interaction with his/her community. (K&S)",Implementing Child Welfare Services,NA,Implementing Child Welfare Services,Knowledge & Skills
6h,"Demonstrates how to plan for and initiate closing of professional relationships with children and families, prioritizing developmentally appropriate transitions with adequate resources to optimize outcomes. (S)",Implementing Child Welfare Services,NA,Implementing Child Welfare Services,Skill
6i,"Understands the importance of actively pursuing and maintaining sibling bonds (with siblings in placement and/or at home), the relational worldview and connection to extended family and tribe, and demonstrates the ability to do so. (K&S)",Implementing Child Welfare Services,NA,Implementing Child Welfare Services,Knowledge & Skills
6j,Demonstrates the ability to recognize abuse occurring in out-of-home placements and to take corrective action and follow through with reports and licensing issues in order to protect children. (S),Implementing Child Welfare Services,NA,Implementing Child Welfare Services,Skill
6k,Uses understanding of the dynamics and effects of trauma to continuously evaluate and adjust intervention strategies and case plan goals. (K&S),Implementing Child Welfare Services,NA,Implementing Child Welfare Services,Knowledge & Skills
6l,"Applies understanding of the structure of the child welfare system (child protection, foster care, kinship, adoption, family assessment, tribal sovereignty) to guide children and families to the most appropriate resources for achieving their goals. (S)",Implementing Child Welfare Services,NA,Implementing Child Welfare Services,Skill
6m,Demonstrates the ability to work with adolescents in out-of-home placements and to advocate for permanency options and to guide them through the transition to adult life in the community. (S),Implementing Child Welfare Services,NA,Implementing Child Welfare Services,Skill
6n,Supports children and adolescents to identify and develop the skills to relate to their family of origin around the issues that led to removal from the home using developmentally appropriate strategies and resources. (S),Implementing Child Welfare Services,NA,Implementing Child Welfare Services,Skill
6o,"Demonstrates advanced skills in problem solving and issues analysis in areas such as: maltreatment reporting and assessment, service delivery, conflicts in placements, CHIPS and TPR proceedings, orders for protection and cases involving ICWA. (S)",Implementing Child Welfare Services,NA,Implementing Child Welfare Services,Skill
6p,"Understands the basic principles of county, tribal and community agency contracting for the purchase of child welfare services and how to appropriately utilize these contracts for the benefit of children and families. (K)",Implementing Child Welfare Services,NA,Implementing Child Welfare Services,Knowledge
6q,Demonstrates the ability to negotiate and advocate for the development of resources (including tribal resources and tribal agencies) that children and families need to meet personal goals and that child welfare and tribal agencies need to meet programmatic goals. (S),Implementing Child Welfare Services,NA,Implementing Child Welfare Services,Skill
6r,"Understands the basic principles of mediation, tribally based practices and restorative justice practices, and how they can be implemented in a case plan to assist families in achieving their goals. (K)",Implementing Child Welfare Services,NA,Implementing Child Welfare Services,Knowledge
6s,"Understands the importance of assessing the needs of adoptive parents/families and connecting them with appropriate aftercare services, including tribal services. (K)",Implementing Child Welfare Services,NA,Implementing Child Welfare Services,Knowledge
6t,"Assesses and supports the ongoing and unique service needs for foster parents and kinship providers, including tribal services. (S)",Implementing Child Welfare Services,NA,Implementing Child Welfare Services,Skill
7a,Demonstrates the ability to employ active and reflective listening skills to promote clear communication and develop trust with children and families. (K&S),Communication,NA,Communication,Knowledge & Skills
7b,"Demonstrates an ability to employ clear, concise, ethical and factual writing skills with attention to structure, grammar and spelling, including the ability to accurately, concisely, ethically and objectively document a variety of assessment content, case notes, and court narratives. (S)",Communication,NA,Communication,Skill
7c,"Understands the importance of and is able to modify written forms of communication based upon a child or caregiver’s cognitive ability, literacy level, and use of their primary language and understanding of the English language. (K&S)",Communication,NA,Communication,Knowledge & Skills
7d,Understands and is able to apply data privacy laws and policies to the handling of sensitive data on children and families in the child welfare system. (K&S),Communication,NA,Communication,Knowledge & Skills
7e,"Demonstrates the ability to communicate effectively with tribes, recognizing tribal sovereignty and governance. (K&S)",Communication,NA,Communication,Knowledge & Skills
7f,Understands the unique communication styles and issues that impact effective work with tribes and tribal families. (K),Communication,NA,Communication,Knowledge
7g,Demonstrates the ability to use different methods of documentation to communicate assessment information. (S),Communication,NA,Communication,Skill
7h,Understands the basic premise of working with a translator as a means of primary communication with a child and family. (K),Communication,NA,Communication,Knowledge
7i,Understands the impact of the media on the field of child welfare as well as on those professionals working within the field. (K),Communication,NA,Communication,Knowledge
8a,"Demonstrates a commitment to evaluating his/her own social work/child welfare practice, including practices related to ICWA awwnd MIFPA. (S)",Evaluation,NA,Evaluation,Skill
8b,"Understands the purpose of outcome measurement and is able to seek family, organization, tribal, and community feedback for purposes of monitoring practice, service refinement and outcome evaluation. (K&S)",Evaluation,NA,Evaluation,Knowledge & Skills
8c,"Communicates the underlying principles and effectiveness of her/his practice to families, colleagues, employers, etc. (S)",Evaluation,NA,Evaluation,Skill
8d,"Understands the role of external review and accrediting bodies including the federal government/Children’s Bureau, Council on Accreditation, citizen review panels and the child mortality reviews. (K)",Evaluation,NA,Evaluation,Knowledge
8e,"Understands the criteria used to evaluate state and county child welfare agency performance in federal reviews as it relates to child, family and program outcomes. resources identified (K)",Evaluation,NA,Evaluation,Knowledge
8f,Understands the importance of evaluating his/her own professional education and training needs. (K),Evaluation,NA,Evaluation,Knowledge
8g,Re-evaluates progress outcomes and considers potential contributing factors when goals are not being achieved without sole focus placed upon the youth or family. (S),Evaluation,NA,Evaluation,Skill
8h,"Understands practice accountability and the variety of ways in which agency and individual practice can be evaluated, including trauma-informed practice and cultural responsiveness. (K)",Evaluation,NA,Evaluation,Knowledge
8i,"Understands how to use information, technology, and evidence-based research to advocate, evaluate and improve policy, practice and program effectiveness. (K)",Evaluation,NA,Evaluation,Knowledge
9a,Identifies agency and legislative policies and procedures that may negatively affect individual or group child well-being and the success of permanency and family reunification. (K),Advocacy,NA,Advocacy,Knowledge
9b,Advocates for active efforts to reunite families and return children whenever possible. (S),Advocacy,NA,Advocacy,Skill
9c,"Understands negotiation and advocacy for the development and retention of resources that children, youth, and families need to meet personal goals and agencies need to meet administrative goals. (K)",Advocacy,NA,Advocacy,Knowledge
9d,"Identifies the strengths and limitations of an organization, including its cultural competence and commitment to human diversity, and can assess the effects of these factors on services for children, youth, and families. (K&S)",Advocacy,NA,Advocacy,Knowledge & Skills
9e,"Communicates clearly, concisely and objectively to decision-makers the recognized and documented needs of individuals and groups. (S)",Advocacy,NA,Advocacy,Skill
9f,"Identifies individual or group needs and provides the appropriate intervention on behalf of a child, youth, caregiver or family system. (K)",Advocacy,NA,Advocacy,Knowledge
9g,"Demonstrates the ability to apply coalition-building strategies across diverse communities and providers in order to identify and achieve enhanced and culturally competent services, resources or entitlements for children and families. (S)",Advocacy,NA,Advocacy,Skill
10a,"Demonstrates basic knowledge of the philosophy, purpose, requirements, and policies that affect application of the major federal, state, and local social policies affecting children, youth, and families in the child welfare system, including ICWA, MEPA, Title IV-B, Title IV-E, CAPTA, CFSR, MIFPA, BIA regulations, ASFA, PSSF, TANF, WIA, Chafee, and Fostering Connections. (K)",Cultural Responsiveness,NA,Cultural Responsiveness,Knowledge
10b,"Demonstrates an understanding of the legal framework for child welfare practice, including the Juvenile Court process and other court proceedings related to child welfare practice, including tribal courts. (K)",Cultural Responsiveness,NA,Cultural Responsiveness,Knowledge
10c,"Identifies resources for policy information, interpretation and analysis and demonstrates a willingness to seek clarification when uncertain on policy guidance and/or legal requirements. (K&S)",Cultural Responsiveness,NA,Cultural Responsiveness,Knowledge & Skills
10d,"Demonstrates knowledge of the philosophy, purpose, requirements, and application of the major federal, state, and local disability policies affecting children, youth and families in the child welfare system, including ADA, Title II and IDEA. (K)",Cultural Responsiveness,NA,Cultural Responsiveness,Knowledge
10e,"Demonstrates basic knowledge of various federal, state, and local child welfare funding sources and their influence on agency policy, objectives and service delivery. (K)",Cultural Responsiveness,NA,Cultural Responsiveness,Knowledge
10f,"Understands how political activities and regulatory, legislative, and judicial processes at local, state, and national levels influence agency policies, procedures and programs. (K)",Cultural Responsiveness,NA,Cultural Responsiveness,Knowledge
10g,"Analyzes and evaluates agency and legislative child welfare policies procedures, describes the interrelationship of practice and policy and identifies the impact of specific policies on children and families. (S)",Cultural Responsiveness,NA,Cultural Responsiveness,Skill
10h,"Recognizes tribal sovereignty in implementing policies that affect American Indian children, and the importance of ongoing meaningful tribal consultation. (K)",Cultural Responsiveness,NA,Cultural Responsiveness,Knowledge
10i,Understands substantive legal issues affecting social workers and the families they work with in the child welfare system and demonstrates the necessary skills for effective participation in the legal system. (K&S),Cultural Responsiveness,NA,Cultural Responsiveness,Knowledge & Skills
11a,"Understands how organizational structure, climate, and culture affect service importance of effectiveness, worker productivity and morale. (K)",Cultural Responsiveness,NA,Cultural Responsiveness,Knowledge
11b,"Understands the important role of and use of supervision in social work in providing support, knowledge, and growth as well as monitoring and appraisal of work, workloads, standards and performance, and in case consultation. (K)",Cultural Responsiveness,NA,Cultural Responsiveness,Knowledge
11c,"Understands and can utilize educational, supportive, reflective and administrative techniques of supervision. (K&S)",Cultural Responsiveness,NA,Cultural Responsiveness,Knowledge & Skills
11d,Understands the dynamics of staff groups and the supervisor’s role in group process and the support of competent practice. (K),Cultural Responsiveness,NA,Cultural Responsiveness,Knowledge
11e,"Understands and can address issues of difference and the effects of culture, religion, race, age, disability, sexual orientation and gender in the supervisory process. (K)",Cultural Responsiveness,NA,Cultural Responsiveness,Knowledge
11f,Understands the ethical and legal obligations of social work supervision. (K),Cultural Responsiveness,NA,Cultural Responsiveness,Knowledge
11g,Understands and can use the principles of adult learning and the parallel process in supervision and consultation activities. (K&S),Cultural Responsiveness,NA,Cultural Responsiveness,Knowledge & Skills
11h,"Understands the use of self in supervision, including the nature and use of power and authority, self-management of time, stress and role/boundary issues. (K)",Cultural Responsiveness,NA,Cultural Responsiveness,Knowledge
11i,Understands and demonstrates ways to use data to inform supervision and guide efforts across practice in areas including but not limited to disproportionalities and disparities. (K),Cultural Responsiveness,NA,Cultural Responsiveness,Knowledge
11j,Understands the principles of risk management as well as the use of appreciative inquiry to establish and communicate successful policies and practices. (K),Cultural Responsiveness,NA,Cultural Responsiveness,Knowledge
11k,Understands the roles/responsibilities of a leader/manager to plan and develop systems that enhance staff diversity and alleviate racial and ethnic disproportionality in the child welfare service population. (K),Cultural Responsiveness,NA,Cultural Responsiveness,Knowledge
11l,"Understands how leaders/managers use the collaborative process for the purpose of planning, formulating policy and implementing services. (K)",Cultural Responsiveness,NA,Cultural Responsiveness,Knowledge
12a,Understands the importance of the use of supervision and consultation in child welfare practice and actively seeks feedback and consultation from supervisors and experienced colleagues. (K&S),Cultural Responsiveness,NA,Cultural Responsiveness,Knowledge & Skills
12b,"Demonstrates an ability to establish appropriate boundaries with children, families and colleagues, taking cultural norms into consideration. (S)",Cultural Responsiveness,NA,Cultural Responsiveness,Skill
12c,Demonstrates the ability to work with colleagues from a wide array of personal and professional backgrounds in a respectful and productive manner. (S),Cultural Responsiveness,NA,Cultural Responsiveness,Skill
12d,"Understands how professional social work values, the NASW’s Code of Ethics, and Minnesota Board of Social Work’s Standards of Practice and Ethical Conduct influence decision making and planning in public child welfare practice. (K)",Cultural Responsiveness,NA,Cultural Responsiveness,Knowledge
12e,"Uses critical thinking skills to problem solve throughout all areas of practice (engagement, assessment, planning, communicating, etc.). (S)",Cultural Responsiveness,NA,Cultural Responsiveness,Skill
12f,Identifies and analyzes ethical issues that arise in the course of practice in social work. (K&S),Cultural Responsiveness,NA,Cultural Responsiveness,Knowledge & Skills
12g,Understands and distinguishes among personal and professional values and ethics and considers possible courses of action to pursue when they conflict. (K & S),Cultural Responsiveness,NA,Cultural Responsiveness,Knowledge
12h,Understands mandated reporting laws and his/her role as a mandated reporter of child abuse and/or neglect. (K),Cultural Responsiveness,NA,Cultural Responsiveness,Knowledge
12i,Understands and is able to apply data privacy laws and policies to the handing of sensitive data on children and families in the child welfare system. (K&S),Cultural Responsiveness,NA,Cultural Responsiveness,Knowledge & Skills
12j,"Understands the concepts of vicarious and secondary trauma as well as personal and cultural traumas and their potential impact on personal health and professional practice, and has developed healthy coping methods and self-care strategies to address these issues. (K&S)",Cultural Responsiveness,NA,Cultural Responsiveness,Knowledge & Skills
12k,Identifies potential risks to worker safety and can create a plan to increase individual safety in the field. (S),Cultural Responsiveness,NA,Cultural Responsiveness,Skill
12l,"Demonstrates the ability to present, both orally and in writing, a logical, ethically sound, culturally relevant argument for the resolution of ethical dilemmas or issues relevant to social work practice in the child welfare system. (S)",Cultural Responsiveness,NA,Cultural Responsiveness,Skill
12m,"Identifies areas of professional growth, develops a professional development plan to increase knowledge and skill in areas of interest and needed growth, and advocates for the resources to reach professional development goals. (K & S)",Cultural Responsiveness,NA,Cultural Responsiveness,Knowledge
1a,"Understands and can model and teach necessary elements of assessment, decision making, case planning, and case process to staff. (K&S)",NA,Educative Supervision,Educative Supervision,Knowledge & Skills
1b,"Understands and values diversity and different styles of perceiving, learning, communicating, and operating. (K)",NA,Educative Supervision,Educative Supervision,Knowledge
1c,Understands factors that motivate performance and can use this information to assist staff performance improvement. (K&S),NA,Educative Supervision,Educative Supervision,Knowledge & Skills
1d,Demonstrates an understanding of the principles of adult learning. (K),NA,Educative Supervision,Educative Supervision,Knowledge
1e,"Creates a learning climate in which the development and maintenance of competencies, professional judgment and sound decision making in supervisees takes place through clear, sympathetic supervisory direction and assists staff to transfer knowledge and skills learned through in-service training to their jobs. (S)",NA,Educative Supervision,Educative Supervision,Skill
1f,"Keeps abreast of research data, including disparities and disproportionality, and ICWA practice data and informs staff of ongoing changes in best practices child welfare. (K&S)",NA,Educative Supervision,Educative Supervision,Knowledge & Skills
1g,"Knows and can apply relevant federal and state statutes, including MEPA, IEPA, MIFPA, ICWA and BIA Guidelines, rules, policies, procedures and current practice standards related to casework. (K&S)",NA,Educative Supervision,Educative Supervision,Knowledge & Skills
1h,"Demonstrates familiarity with, and is able to access, or advocate for access to, childhood trauma treatment-specific resources. (K&S)",NA,Educative Supervision,Educative Supervision,Knowledge & Skills
1i,"Demonstrates the capacity to communicate a plan to agency caseworkers for screening children for trauma, including historical trauma. (K&S)",NA,Educative Supervision,Educative Supervision,Knowledge & Skills
1j,"Understands the vision of the Minnesota practice model itself, why it was developed, and how statewide leadership envisions the practice model as a tool to support practice and improve performance and outcomes. (K)",NA,Educative Supervision,Educative Supervision,Knowledge
1k,Understands how to apply the values and principles within the practice model to actual casework efforts and challenges and use the materials to support improved practices through supervision. (K&S),NA,Educative Supervision,Educative Supervision,Knowledge & Skills
1l,"Understands how the skills listed within the practice model support positive outcomes for children, youth, and families and is capable of assessing their staff in terms of these skills. (K&S)",NA,Educative Supervision,Educative Supervision,Knowledge & Skills
1m,"Understands the value of supporting expression, and can recognize emotion-laden issues or situations and handle them with sensitivity. (S)",NA,Educative Supervision,Educative Supervision,Skill
1n,Uses listening and observation to anticipate and prepare for others’ reactions. (K&S),NA,Educative Supervision,Educative Supervision,Knowledge & Skills
1o,"Understands how staff members’ attitudes, needs, behaviors, personal preferences, work style, beliefs, gender, and cultural backgrounds may influence perceptions and performance. (K)",NA,Educative Supervision,Educative Supervision,Knowledge
1p,Recognizes when a worker’s emotional responses and/or judgment interfere with the casework process and can empower the worker to identify and examine these reactions. (K&S),NA,Educative Supervision,Educative Supervision,Knowledge & Skills
1q,"Demonstrates understanding of childhood trauma research findings, emotional and behavioral symptomology and treatment options using a cross cultural lens. (K)",NA,Educative Supervision,Educative Supervision,Knowledge
1r,"Advocates reduced organizational barriers to staff performance including: assessing needed resources, changes to unit or regional policies/procedures, modifying unrealistic job expectations, and collaborating with upper-level management for changes in problematic organizational issues. (K&S)",NA,Educative Supervision,Educative Supervision,Knowledge & Skills
1s,Demonstrates the capacity to recognize and respond to secondary trauma in agency caseworkers. (K),NA,Educative Supervision,Educative Supervision,Knowledge
1t,Understands the skill set needed and can provide support (including referral for services) to staff experiencing secondary trauma and promote agency-wide understanding of the effects of secondary trauma. (K&S),NA,Educative Supervision,Educative Supervision,Knowledge & Skills
1u,Finds creative and effective ways to advocate for clients and staff. (K&S),NA,Educative Supervision,Educative Supervision,Knowledge & Skills
1v,Understands how to conduct trauma screenings with children served through the county social services agency. (K),NA,Educative Supervision,Educative Supervision,Knowledge
1w,"Discerns the strengths, needs, challenges, and feelings of others and offers appropriate support to colleagues/supervisees. (K&S)",NA,Educative Supervision,Educative Supervision,Knowledge & Skills
1x,"Understands and clarifies roles and responsibilities of participants in the child welfare system, including tribal agencies. (K&S)",NA,Educative Supervision,Educative Supervision,Knowledge & Skills
1y,Applies SSIS Charting and Analysis to assess their agency’s performance on federal child safety and permanency measures. (K&S),NA,Educative Supervision,Educative Supervision,Knowledge & Skills
1z,"Demonstrates ability to effectively manage case assignments, case coverage and service delivery to clients via direct caseworker supervision. (S)",NA,Educative Supervision,Educative Supervision,Skill
2a,"Identifies and understands available resources, and builds and maintains effective working relationships with a network of systems, including tribes. (K&S)",NA,Human Resource Management,Human Resource Management,Knowledge & Skills
2b,"Understands and appreciates the different views, expertise and experience of others; understands the perspectives and limitations of other individuals and systems. (K)",NA,Human Resource Management,Human Resource Management,Knowledge
2c,Participates constructively on inter- and intra-agency work groups and activities to clarify and improve system and program functioning and service delivery. (S),NA,Human Resource Management,Human Resource Management,Skill
2d,Balances task requirements and individual abilities (matching people and staff; performance assignments). (S),NA,Human Resource Management,Human Resource Management,Skill
2e,Demonstrates the ability to organize materials or activities in order to accomplish tasks efficiently. (S),NA,Human Resource Management,Human Resource Management,Skill
2f,Sets challenging yet achievable goals for self and others. (S),NA,Human Resource Management,Human Resource Management,Skill
2g,Sets work schedules and caseload/workload standards that promote the effective and efficient use of staff and delivery of service. (S),NA,Human Resource Management,Human Resource Management,Skill
2h,"Demonstrates knowledge of, and can access personnel laws, rules, regulations and the union contract. (K&S)",NA,Human Resource Management,Human Resource Management,Knowledge & Skills
2i,"Demonstrates knowledge of, and can access Affirmative Action guidelines and Civil Service requirements. (K&S)",NA,Human Resource Management,Human Resource Management,Knowledge & Skills
2j,"Shows the ability to manage, as appropriate, the hiring, selection, and termination process. (K&S)",NA,Human Resource Management,Human Resource Management,Knowledge & Skills
2k,"Shows the ability to manage the employee appraisal process, to use competencies in performance planning, and to assess employee performance. (K&S)",NA,Human Resource Management,Human Resource Management,Knowledge & Skills
2l,Demonstrates the ability to identify employee performance problems and apply principles of progressive discipline. (S),NA,Human Resource Management,Human Resource Management,Skill
3a,Relates effectively with all levels of administration inside and outside the organization. (S),NA,Program Administration,Program Administration,Skill
3b,Demonstrates knowledge of ways to develop effective collaborations both inside and outside the organization. (S),NA,Program Administration,Program Administration,Skill
3c,"Demonstrates understanding of current issues that affect the organization, and consequent practice with families including disproportionality. (K)",NA,Program Administration,Program Administration,Knowledge
3d,"Understands relevant agency history and historical trauma implications for practice, organizational theory appropriate to human services, values and ethical considerations. (K)",NA,Program Administration,Program Administration,Knowledge
3e,"Demonstrates general knowledge of the concepts of strategic, operational and long- range planning. (K&S)",NA,Program Administration,Program Administration,Knowledge & Skills
3f,Demonstrates knowledge of the mission of the agency and its role in the child and family service system. (K),NA,Program Administration,Program Administration,Knowledge
3g,Demonstrates a general understanding of budgeting techniques and procedure for operating within a planned budget. (K&S),NA,Program Administration,Program Administration,Knowledge & Skills
4a,"Communicates a clear vision, motivation and commitment to the safety and well- being of children. (S)",NA,Team Leadership,Team Leadership,Skill
4b,Engages with others in team process to solve problems. (S),NA,Team Leadership,Team Leadership,Skill
4c,Works with others to find a win/win resolution of differences whenever possible. (S),NA,Team Leadership,Team Leadership,Skill
4d,Shows awareness of how management style impacts staff productivity and development. (K),NA,Team Leadership,Team Leadership,Knowledge
4e,Modifies leadership style to meet situational requirements. (K&S),NA,Team Leadership,Team Leadership,Knowledge & Skills
4f,Manages multiple or ambiguous directives while staying focused on major goals. (S),NA,Team Leadership,Team Leadership,Skill
4g,Uses knowledge of the system to identify long-term problems and opportunities. (K&S),NA,Team Leadership,Team Leadership,Knowledge & Skills
4h,"Solicits data, information, ideas, and opinions from relevant sources for specific decisions and plans. (S)",NA,Team Leadership,Team Leadership,Skill
4i,"Remains informed and up-to-date about activities, sharing all relevant or useful information that affects the group. (K&S)",NA,Team Leadership,Team Leadership,Knowledge & Skills
4j,Demonstrates the group process skills needed for diverse groups to work together effectively to achieve a common goal. (K&S),NA,Team Leadership,Team Leadership,Knowledge & Skills
4k,"Recognizes the complexities inherent in conflict, including aspects of direct child welfare practice, and proactively engages others in conflict resolution. (K&S)",NA,Team Leadership,Team Leadership,Knowledge & Skills
4l,"Understands the concepts of team development, facilitation of effective meetings, and conflict management. (K)",NA,Team Leadership,Team Leadership,Knowledge
5a,Recognizes and values alternative viewpoints. (K&S),NA,Organizational Leadership,Organizational Leadership,Knowledge & Skills
5b,"Adjusts communication, behavior and approach to a situation or to the agency’s larger objective. (S)",NA,Organizational Leadership,Organizational Leadership,Skill
5c,Utilizes theoretical frameworks and incorporates past experience to guide analysis and practice. (K&S),NA,Organizational Leadership,Organizational Leadership,Knowledge & Skills
5d,"Applies experience to interpret events, seeing crucial similarities and differences in present and past situations. (K&S)",NA,Organizational Leadership,Organizational Leadership,Knowledge & Skills
6a,"Understands the impact of disparities, disproportionalities and historical trauma on African-American families. (K)",NA,Cultural Responsiveness,Cultural Responsiveness,Knowledge
6b,"Understands the impact of disparities, disproportionalities and historical trauma on American Indian families. (K)",NA,Cultural Responsiveness,Cultural Responsiveness,Knowledge
6c,Understands the tools and assessments which can be used within their agency to identify disparities and disproportionalities regarding African-American and American Indian families. (K&S),NA,Cultural Responsiveness,Cultural Responsiveness,Knowledge & Skills
6d,Understands how to discuss disparities and disproportionalities regarding African- American and American-Indian families with their unit staff. (K&S),NA,Cultural Responsiveness,Cultural Responsiveness,Knowledge & Skills
6e,"Collaborates with community partners, including tribes, on ways to address disparities and disproportionalities. (K&S)",NA,Cultural Responsiveness,Cultural Responsiveness,Knowledge & Skills
6f,Identifies and implements methods to increase effective intercultural understanding. (K&S),NA,Cultural Responsiveness,Cultural Responsiveness,Knowledge & Skills
6g,"Understands how ethnocentrism, stereotyping, and lack of cultural knowledge and historical support bias, discrimination, and racism. (K)",NA,Cultural Responsiveness,Cultural Responsiveness,Knowledge
6h,Understands the concept of multiculturalism and how a pluralistic society benefits from the contributions of its diverse members. (K),NA,Cultural Responsiveness,Cultural Responsiveness,Knowledge
6i,"Understands the effects of racism, ageism, ableism, sexism, homophobia, xenophobia, transphobia and other forms of discrimination on personal development and emotional health. (K)",NA,Cultural Responsiveness,Cultural Responsiveness,Knowledge
6j,Demonstrates how to use culturally relevant information in ways that avoid stereotyping. (K&S),NA,Cultural Responsiveness,Cultural Responsiveness,Knowledge & Skills
6k,"Knows how to locate accurate cultural information, use cultural consultants, and access educational resources to strengthen one’s own cultural humility. (K&S)",NA,Cultural Responsiveness,Cultural Responsiveness,Knowledge & Skills
6l,"Recognizes, through self-reflection, how to continually examine their own lack of cultural knowledge and areas of personal bias. (K)",NA,Cultural Responsiveness,Cultural Responsiveness,Knowledge
6m,"Engages in relationships with peers, supervisees, and families from a variety of diverse cultural, ethnic and social backgrounds. (K&S)",NA,Cultural Responsiveness,Cultural Responsiveness,Knowledge & Skills
6n,"Understands how a family’s history of oppression and trauma in their home country, historical trauma, dislocation, and emigration may affect their coping capacity, parenting behaviors, and emotional health. (K&S)",NA,Cultural Responsiveness,Cultural Responsiveness,Knowledge & Skills
6o,"Understands how a family’s adherence to community values, beliefs and traditions can serve as a source of strength to be utilized in family assessments, case planning, and service delivery. (K)",NA,Cultural Responsiveness,Cultural Responsiveness,Knowledge
6p,Knows how to identify and involve qualified interpreters to enable more accurate and open communication and effective practice with families who do not speak fluent English. (K&S),NA,Cultural Responsiveness,Cultural Responsiveness,Knowledge & Skills
6q,"Works with agency administrators, including tribes, to develop formal partnerships with culturally-based community networks and service providers on behalf of families and children. (S)",NA,Cultural Responsiveness,Cultural Responsiveness,Skill
7a,Describes and evaluates own performance in terms that reflect recognition of personal strengths and challenges. (K&S),NA,Professionalism,Professionalism,Knowledge & Skills
7b,"Assumes responsibility for own performance and outcomes, and learns from mistakes. (K&S)",NA,Professionalism,Professionalism,Knowledge & Skills
7c,"Clarifies personal values and executes plans for professional development to meet client and agency needs, while adhering to the NASW code of ethics. (S)",NA,Professionalism,Professionalism,Skill
7d,"Presents a positive image to other service providers and to the community at large through use of the media, personal interactions and presentations. (S)",NA,Professionalism,Professionalism,Skill
7e,"Demonstrates ability to deliver presentations at internal/external meetings, conferences and workshops. (S)",NA,Professionalism,Professionalism,Skill
7f,Understands the value and demonstrates the use of self-assessment and ethical practice associated improvement relative to the child welfare practice model. (K&S),NA,Professionalism,Professionalism,Knowledge & Skills
7g,"Communicates key elements of trauma dynamics, research findings and treatment options to county agency leaders, child welfare caseworkers and community partners. (S)",NA,Professionalism,Professionalism,Skill
7h,Respects and adheres to ethical data protection principles and confidentiality regarding any information obtained in the course of their duties. (K&S),NA,Professionalism,Professionalism,Knowledge & Skills
7i,"Engages with superiors, supervisees and mentors in an appropriate fashion. (S)",NA,Professionalism,Professionalism,Skill
8a,Anticipates significant information necessary for decision making. (K),NA,Decision Making,Decision Making,Knowledge
8b,Recognizes when a decision is required and makes timely decisions based on available data. (K&S),NA,Decision Making,Decision Making,Knowledge & Skills
8c,"Maintains and/or explains positions when under pressure from others, confronting resistance if necessary. (K&S)",NA,Decision Making,Decision Making,Knowledge & Skills
8d,Shifts positions if new information indicates. (K&S),NA,Decision Making,Decision Making,Knowledge & Skills
8e,"Gives directions or orders based on professional authority, rules, and procedures when a situation requires. (S)",NA,Decision Making,Decision Making,Skill
8f,Reaches sound conclusions and makes reasonable decisions based on available information. (K&S),NA,Decision Making,Decision Making,Knowledge & Skills
8g,Balances short- and long-term considerations. (K&S),NA,Decision Making,Decision Making,Knowledge & Skills
8h,Sets priorities for tasks in order of importance. (S),NA,Decision Making,Decision Making,Skill
8i,"Maintains objectivity in handling difficult issues, events, and decisions. (S)",NA,Decision Making,Decision Making,Skill
8j,Identifies and confronts bias as it relates to decision making. (K&S),NA,Decision Making,Decision Making,Knowledge & Skills
